Workbook

Sheet Costi
B2: Quantità | C2: Costi fissi | D2: Costi variabili | E2: Costi totali | F2: Costi medi | G2: Costi marginali | H2: Colonna punto di fuga | I2: Collona ottimo economico
B3: 0 | C3: =$C$13 -> 100 | D3: 0 | E3: =C3+D3 -> 100 | F3: - | G3: - | H3: - | I3: -
B4: 1 | C4: =$C$13 -> 100 | D4: 20 | E4: =C4+D4 -> 120 | F4: =ROUNDDOWN(E4/B4,1) -> 120 | G4: =E4-E3 -> 20 | H4: =IF(F4=G4,"Punto di fuga","") | I4: =IF($C$16>=$C$14,IF(OR(G4=$C$16,AND(G4<$C$16,$C$16<G5,G5<>0),AND(G4<$C$16,G5=0)),"Ottimo economico",""),"")
B5: 2 | C5: =$C$13 -> 100 | D5: 30 | E5: =C5+D5 -> 130 | F5: =ROUNDDOWN(E5/B5,1) -> 65 | G5: =E5-E4 -> 10 | H5: =IF(F5=G5,"Punto di fuga","") | I5: =IF($C$16>=$C$14,IF(OR(G5=$C$16,AND(G5<$C$16,$C$16<G6,G6<>0),AND(G5<$C$16,G6=0)),"Ottimo economico",""),"")
B6: 3 | C6: =$C$13 -> 100 | D6: 37.5 | E6: =C6+D6 -> 137.5 | F6: =ROUNDDOWN(E6/B6,1) -> 45.8 | G6: =E6-E5 -> 7.5 | H6: =IF(F6=G6,"Punto di fuga","") | I6: =IF($C$16>=$C$14,IF(OR(G6=$C$16,AND(G6<$C$16,$C$16<G7,G7<>0),AND(G6<$C$16,G7=0)),"Ottimo economico",""),"")
B7: 4 | C7: =$C$13 -> 100 | D7: 42.5 | E7: =C7+D7 -> 142.5 | F7: =ROUNDDOWN(E7/B7,1) -> 35.6 | G7: =E7-E6 -> 5 | H7: =IF(F7=G7,"Punto di fuga","") | I7: =IF($C$16>=$C$14,IF(OR(G7=$C$16,AND(G7<$C$16,$C$16<G8,G8<>0),AND(G7<$C$16,G8=0)),"Ottimo economico",""),"")
B8: 5 | C8: =$C$13 -> 100 | D8: 50 | E8: =C8+D8 -> 150 | F8: =ROUNDDOWN(E8/B8,1) -> 30 | G8: =E8-E7 -> 7.5 | H8: =IF(F8=G8,"Punto di fuga","") | I8: =IF($C$16>=$C$14,IF(OR(G8=$C$16,AND(G8<$C$16,$C$16<G9,G9<>0),AND(G8<$C$16,G9=0)),"Ottimo economico",""),"")
B9: 6 | C9: =$C$13 -> 100 | D9: 80 | E9: =C9+D9 -> 180 | F9: =ROUNDDOWN(E9/B9,1) -> 30 | G9: =E9-E8 -> 30 | H9: =IF(F9=G9,"Punto di fuga","") -> Punto di fuga | I9: =IF($C$16>=$C$14,IF(OR(G9=$C$16,AND(G9<$C$16,$C$16<G10,G10<>0),AND(G9<$C$16,G10=0)),"Ottimo economico",""),"") -> Ottimo economico
B10: 7 | C10: =$C$13 -> 100 | D10: 125 | E10: =C10+D10 -> 225 | F10: =ROUNDDOWN(E10/B10,1) -> 32.1 | G10: =E10-E9 -> 45 | H10: =IF(F10=G10,"Punto di fuga","") | I10: =IF($C$16>=$C$14,IF(OR(G10=$C$16,AND(G10<$C$16,$C$16<G11,G11<>0),AND(G10<$C$16,G11=0)),"Ottimo economico",""),"")
B11: 8 | C11: =$C$13 -> 100 | D11: 200 | E11: =C11+D11 -> 300 | F11: =ROUNDDOWN(E11/B11,1) -> 37.5 | G11: =E11-E10 -> 75 | H11: =IF(F11=G11,"Punto di fuga","") | I11: =IF($C$16>=$C$14,IF(OR(G11=$C$16,AND(G11<$C$16,$C$16<G12,G12<>0),AND(G11<$C$16,G12=0)),"Ottimo economico",""),"")
B13: Costi fissi | C13: 100
B14: Punto di fuga | C14: =INDEX(F4:F11, MATCH("Punto di fuga", H4:H11, 0)) -> 30
B15: Ottimo tecnico | C15: =INDEX(B3:B11, MATCH(C14, G3:G11, 0)) -> 6
B16: Prezzo di mercato | C16: 42
B17: Ottimo economico | C17: =IF(C16<C14,"Si esce dal mercato",INDEX(B3:B11,MATCH("Ottimo economico",I3:I11,0))) -> 6

Sheet Utilità
B2: D | F2: E
B3: Quantita | C3: Utilità Marginale | D3: Utilità totale | F3: Quantita | G3: Utilità Marginale | H3: Utilità totale
B4: 1 | C4: 100 | D4: =SUM(C4) -> 100 | F4: 1 | G4: 70 | H4: =SUM(G4) -> 70
B5: 2 | C5: 80 | D5: =SUM(C4:C5) -> 180 | F5: 2 | G5: 60 | H5: =SUM(G4:G5) -> 130
B6: 3 | C6: 70 | D6: =SUM(C4:C6) -> 250 | F6: 3 | G6: 50 | H6: =SUM(G4:G6) -> 180
B7: 4 | C7: 60 | D7: =SUM(C4:C7) -> 310 | F7: 4 | G7: 40 | H7: =SUM(G4:G7) -> 220
B8: 5 | C8: 50 | D8: =SUM(C4:C8) -> 360 | F8: 5 | G8: 20 | H8: =SUM(G4:G8) -> 240
B9: 6 | C9: 40 | D9: =SUM(C4:C9) -> 400 | F9: 6 | G9: 0 | H9: =SUM(G4:G9) -> 240
B10: 7 | C10: 20 | D10: =SUM(C4:C10) -> 420 | F10: 7 | G10: -10 | H10: =SUM(G4:G10) -> 230
B11: 8 | C11: 0 | D11: =SUM(C4:C11) -> 420 | F11: 8 | G11: -20 | H11: =SUM(G4:G11) -> 210
B12: 9 | C12: -10 | D12: =SUM(C4:C12) -> 410 | F12: 9 | G12: -30 | H12: =SUM(G4:G12) -> 180

Sheet Saggio marginale di sostiuzione
C3: A | F3: B | I3: C
C4: Specializzato | D4: Non specializzato | E4: Saggio marginale di sostizione | F4: Specializzato | G4: Non specializzato | H4: Saggio marginale di sostizione | I4: Specializzato | J4: Non specializzato | K4: Saggio marginale di sostizione
C5: 0 | D5: 2000 | E5: - | F5: 0 | G5: 2400 | H5: - | I5: 0 | J5: 1900 | K5: -
C6: 300 | D6: 1400 | E6: =(C6-C5)/-(D6-D5) -> 0.5 | F6: 500 | G6: 1600 | H6: =(F6-F5)/-(G6-G5) -> 0.625 | I6: 200 | J6: 1200 | K6: =(I6-I5)/-(J6-J5) -> 0.28571429
C7: 500 | D7: 1000 | E7: =(C7-C6)/-(D7-D6) -> 0.5 | F7: 700 | G7: 1200 | H7: =(F7-F6)/-(G7-G6) -> 0.5 | I7: 400 | J7: 900 | K7: =(I7-I6)/-(J7-J6) -> 0.66666667
C8: 600 | D8: 800 | E8: =(C8-C7)/-(D8-D7) -> 0.5 | F8: 800 | G8: 1000 | H8: =(F8-F7)/-(G8-G7) -> 0.5 | I8: 500 | J8: 700 | K8: =(I8-I7)/-(J8-J7) -> 0.5
C9: 1000 | D9: 0 | E9: =(C9-C8)/-(D9-D8) -> 0.5 | F9: 1200 | G9: 0 | H9: =(F9-F8)/-(G9-G8) -> 0.4 | I9: 900 | J9: 0 | K9: =(I9-I8)/-(J9-J8) -> 0.57142857
C11: =Utilità!B2 -> D | F11: B | I11: C
C12: Specializzato | D12: Non specializzato | E12: Saggio marginale di sostizione | F12: Specializzato | G12: Non specializzato | H12: Saggio marginale di sostizione | I12: Specializzato | J12: Non specializzato | K12: Saggio marginale di sostizione
C13: =Utilità!C4 -> 100 | D13: =Utilità!G12 -> -30 | E13: - | F13: 0 | G13: 2400 | H13: - | I13: 0 | J13: 1900 | K13: -
C14: =Utilità!C5 -> 80 | D14: =Utilità!G11 -> -20 | E14: =(C14-C13)/-(D14-D13) -> 2 | F14: 500 | G14: 1600 | H14: =(F14-F13)/-(G14-G13) -> 0.625 | I14: 200 | J14: 1200 | K14: =(I14-I13)/-(J14-J13) -> 0.28571429
C15: =Utilità!C6 -> 70 | D15: =Utilità!G10 -> -10 | E15: =(C15-C14)/-(D15-D14) -> 1 | F15: 700 | G15: 1200 | H15: =(F15-F14)/-(G15-G14) -> 0.5 | I15: 400 | J15: 900 | K15: =(I15-I14)/-(J15-J14) -> 0.66666667
C16: =Utilità!C7 -> 60 | D16: =Utilità!G9 -> 0 | E16: =(C16-C15)/-(D16-D15) -> 1 | F16: 800 | G16: 1000 | H16: =(F16-F15)/-(G16-G15) -> 0.5 | I16: 500 | J16: 700 | K16: =(I16-I15)/-(J16-J15) -> 0.5
C17: =Utilità!C8 -> 50 | D17: =Utilità!G8 -> 20 | E17: =(C17-C16)/-(D17-D16) -> 0.5 | F17: 1200 | G17: 0 | H17: =(F17-F16)/-(G17-G16) -> 0.4 | I17: 900 | J17: 0 | K17: =(I17-I16)/-(J17-J16) -> 0.57142857
C18: =Utilità!C9 -> 40 | D18: =Utilità!G7 -> 40 | E18: =(C18-C17)/-(D18-D17) -> 0.5
C19: =Utilità!C10 -> 20 | D19: =Utilità!G6 -> 50 | E19: =(C19-C18)/-(D19-D18) -> 2
C20: =Utilità!C11 -> 0 | D20: =Utilità!G5 -> 60 | E20: =(C20-C19)/-(D20-D19) -> 2
C21: =Utilità!C12 -> -10 | D21: =Utilità!G4 -> 70 | E21: =(C21-C20)/-(D21-D20) -> 1
